{
  "hints": [],
  "groups": [
    {
      "sourceType": "smart.industry.train.web.config.DruidConfig",
      "name": "druid.monitor",
      "type": "smart.industry.train.web.config.DruidConfig"
    },
    {
      "sourceType": "smart.industry.train.web.config.MybatisConfig",
      "name": "spring.messages",
      "sourceMethod": "messageSource()",
      "type": "org.springframework.context.support.ResourceBundleMessageSource"
    }
  ],
  "properties": [
    {
      "sourceType": "smart.industry.train.web.config.DruidConfig",
      "name": "druid.monitor.password",
      "type": "java.lang.String"
    },
    {
      "sourceType": "smart.industry.train.web.config.DruidConfig",
      "name": "druid.monitor.user",
      "type": "java.lang.String"
    },
    {
      "sourceType": "org.springframework.context.support.ResourceBundleMessageSource",
      "name": "spring.messages.basename-set",
      "type": "java.util.Set<java.lang.String>"
    },
    {
      "sourceType": "org.springframework.context.support.ResourceBundleMessageSource",
      "name": "spring.messages.parent-message-source",
      "type": "org.springframework.context.MessageSource"
    }
  ]
}